<?xml version="1.0" encoding="UTF-8" standalone="yes"?>
<addon id="repository.AvaRepo" name="Ava Repository" version="0.1" provider-name="Infotec">
    <extension point="xbmc.addon.repository" name="Nome Repository">
        <dir>
            <info compressed="false">https://raw.githubusercontent.com/kodinfotec/AvaRepo/master/zips/addons.xml</info>
            <checksum>https://raw.githubusercontent.com/kodinfotec/AvaRepo/master/zips/addons.xml.md5</checksum>
            <datadir zip="true">https://raw.githubusercontent.com/kodinfotec/AvaRepo/master/zips/</datadir>
        </dir>
    </extension>
    <extension point="xbmc.addon.metadata">
        <summary>Ava Repository</summary>
        <description>Repository Infotec</description>
        <disclaimer></disclaimer>
        <platform>all</platform>
        <assets>
            <icon>icon.png</icon>
            <fanart>fanart.jpg</fanart>
        </assets>
    </extension>
</addon>